,Midea,Haier,A.O.SMITH
配送/购买/真的/活动/没得说/推荐/实惠,0.1067146000259131,0.08852224832986152,0.06619251433776747
高端/讲解/规范/服务满意/服务到位/收费/上档次,0.09449940057839899,0.11789470133092587,0.12788355659286926
静音/起来/温度/洗澡/水量/水温/方便,0.09102929377658811,0.11095240305039958,0.05745891674025679
细心/特别/好评/及时/到位/产品/东西,0.4342139794782641,0.39732695096953907,0.541462323751865
耗能/简洁/比较/接受/情况/很小/好看,0.2735427261408357,0.28530369631927394,0.20700268857724152
