,Midea,Haier,A.O.SMITH
预约/购物/装好/第二天/物流/收到/发货,0.15734709489170282,0.1390157102896839,0.13862854382165246
追评/评价/服务到位/很漂亮/周到/后续/及时,0.15302445757809063,0.1489264071467378,0.19885219283679298
选择/这款/购买/牌子/活动/放心/推荐,0.1554976294047438,0.16318696680334877,0.11314311820715929
问题/特色/水温/时间/操作/很多/希望,0.0819814010606142,0.09108999271423388,0.06822382750206303
耗能/美观/简洁/比较/接受/情况/恒温,0.32025150135193114,0.3627502887066994,0.24514447116859608
负责/详细/讲解/认真/耐心/细致/热情,0.1318979157129174,0.0950306343392963,0.23600784646373615
