,Midea,Haier,A.O.SMITH
高端/负责/认真/用心/热心/好评/周到,0.14579780513435983,0.11058553251897567,0.22521012881091743
第二天/牌子/售后服务/售后/购买/放心/加热,0.09011918340307816,0.09660887868061793,0.1043681735626435
配送/装修/活动/收到/支持/家电/包装,0.08973970119823814,0.07533748579185469,0.05366101635711036
美观/收费/接受/挺快/耗能/简洁/漂亮,0.17081040085789284,0.17057383633451045,0.1602819668447434
预约/评价/联系/看起来/特色/注意事项/期待,0.1204453560124176,0.14523554140238307,0.12184633037295135
选择/这款/起来/简单/洗浴/朋友/操作,0.1119798038402227,0.10714776131116954,0.06697813525691734
购物/服务到位/技能/体验/上门/一流/一次,0.11036874878437374,0.09550696562900185,0.16622481361226668
静音/节能/稳定/温度/水温/比较/很小,0.16073900076941697,0.19900399833148683,0.10142943518244993
